<PAMDataset>
  <Metadata>
    <MDI key="Clayers">12</MDI>
    <MDI key="Clevels">5</MDI>
    <MDI key="Corder">PCRL</MDI>
    <MDI key="Creversible">false</MDI>
    <MDI key="Cuse_eph">false</MDI>
    <MDI key="Cuse_sop">false</MDI>
    <MDI key="DataType">Generic</MDI>
  </Metadata>
  <Metadata domain="xml:gml.root-instance" format="xml">
    <gml:FeatureCollection xmlns:gml="http://www.opengis.net/gml" xmlns:xsi="http://www.w3.org/2001/XMLSchema-instance" xsi:schemaLocation="http://www.opengis.net/gml http://schemas.opengis.net/gml/3.1.1/profiles/gmlJP2Profile/1.0.0/gmlJP2Profile.xsd">
      <gml:boundedBy>
        <gml:Envelope srsName="urn:ogc:def:crs:EPSG::3857">
          <gml:lowerCorner>-9569594.59306155 3736231.78122571</gml:lowerCorner>
          <gml:upperCorner>-9567262.59306155 3738046.78122571</gml:upperCorner>
        </gml:Envelope>
      </gml:boundedBy>
      <gml:featureMember>
        <gml:FeatureCollection>
          <gml:featureMember>
            <gml:RectifiedGridCoverage dimension="2" gml:id="RGC0001">
              <gml:rectifiedGridDomain>
                <gml:RectifiedGrid dimension="2">
                  <gml:limits>
                    <gml:GridEnvelope>
                      <gml:low>0 0</gml:low>
                      <gml:high>2331 1814</gml:high>
                    </gml:GridEnvelope>
                  </gml:limits>
                  <gml:axisName>x</gml:axisName>
                  <gml:axisName>y</gml:axisName>
                  <gml:origin>
                    <gml:Point gml:id="P0001" srsName="urn:ogc:def:crs:EPSG::3857">
                      <gml:pos>-9569594.09306155 3738046.28122571</gml:pos>
                    </gml:Point>
                  </gml:origin>
                  <gml:offsetVector srsName="urn:ogc:def:crs:EPSG::3857">1 0</gml:offsetVector>
                  <gml:offsetVector srsName="urn:ogc:def:crs:EPSG::3857">0 -1</gml:offsetVector>
                </gml:RectifiedGrid>
              </gml:rectifiedGridDomain>
              <gml:rangeSet>
                <gml:File>
                  <gml:rangeParameters />
                  <gml:fileName>gmljp2://codestream/0</gml:fileName>
                  <gml:fileStructure>Record Interleaved</gml:fileStructure>
                </gml:File>
              </gml:rangeSet>
            </gml:RectifiedGridCoverage>
          </gml:featureMember>
        </gml:FeatureCollection>
      </gml:featureMember>
    </gml:FeatureCollection>
  </Metadata>
  <Metadata domain="Esri">
    <MDI key="PyramidResamplingType">NEAREST</MDI>
  </Metadata>
  <PAMRasterBand band="1">
    <Histograms>
      <HistItem>
        <HistMin>-0.5</HistMin>
        <HistMax>255.5</HistMax>
        <BucketCount>256</BucketCount>
        <IncludeOutOfRange>1</IncludeOutOfRange>
        <Approximate>0</Approximate>
        <HistCounts>2203|163|20|37|52|59|99|143|217|329|388|571|831|1028|1399|1877|2524|3223|4334|5501|7168|9144|11498|13926|16979|19651|22519|25047|27100|28749|29855|31042|30708|30782|30516|29919|28799|28284|27839|26968|25904|25857|25340|24573|24652|24410|23999|24169|23644|24438|24670|24869|23848|23487|23507|23456|22905|23043|22815|22996|22743|22760|22940|23160|23120|23300|23212|23060|22936|22615|22725|22470|22595|22369|22384|22126|22352|22071|21845|22314|21886|22134|22316|22220|22815|22771|22846|22583|22400|21837|21212|20902|20225|20076|19865|19378|19356|19432|19422|19307|18856|19029|19081|19030|19365|18919|19148|19330|19200|19516|19603|19403|19142|19586|19902|19934|20175|20606|20698|20764|21106|21314|22001|22406|22620|23403|23823|24147|24197|23751|23971|24003|24294|24513|25083|25210|25309|25719|25646|26085|26318|26043|26436|26289|26481|26115|25995|26120|25665|25528|25354|24797|24823|25100|24915|24755|24256|24578|24330|24138|23649|23009|23075|22933|22351|22105|21685|21380|21708|21798|22283|22508|23100|23522|24125|24305|24879|25643|25767|26751|27943|28589|29234|29337|28534|27907|27040|25536|24456|22920|21425|20045|18653|17719|16824|15510|14767|13765|12931|11798|10515|9460|8348|7307|6441|5484|4831|4233|3652|3037|2664|2482|2023|1728|1512|1311|1174|1034|882|833|688|709|585|579|610|758|913|906|1033|1118|1212|1677|729|444|329|262|231|175|146|136|116|105|74|73|70|61|53|41|30|39|31|15|11|19|12|53</HistCounts>
      </HistItem>
    </Histograms>
    <Metadata domain="IMAGE_STRUCTURE">
      <MDI key="COMPRESSION">JP2000</MDI>
    </Metadata>
    <Metadata>
      <MDI key="BandName">Band_1</MDI>
      <MDI key="SourceBandIndex">0</MDI>
      <MDI key="STATISTICS_COVARIANCES">2890.809206453816,2532.309526318076,2220.1227854376,1292.505185331461</MDI>
      <MDI key="STATISTICS_EXCLUDEDVALUES"></MDI>
      <MDI key="STATISTICS_MAXIMUM">255</MDI>
      <MDI key="STATISTICS_MEAN">110.90428060426</MDI>
      <MDI key="STATISTICS_MEDIAN">113.000000</MDI>
      <MDI key="STATISTICS_MINIMUM">0</MDI>
      <MDI key="STATISTICS_SKIPFACTORX">1</MDI>
      <MDI key="STATISTICS_SKIPFACTORY">1</MDI>
      <MDI key="STATISTICS_STDDEV">53.766245976949</MDI>
    </Metadata>
  </PAMRasterBand>
  <PAMRasterBand band="2">
    <Histograms>
      <HistItem>
        <HistMin>-0.5</HistMin>
        <HistMax>255.5</HistMax>
        <BucketCount>256</BucketCount>
        <IncludeOutOfRange>1</IncludeOutOfRange>
        <Approximate>0</Approximate>
        <HistCounts>2165|168|1|0|2|4|5|9|10|14|43|39|74|101|131|201|290|360|501|688|897|1174|1579|1999|2600|3313|4282|5297|6717|8168|10069|12031|14088|16303|18219|20188|21461|23115|24101|24220|24495|24212|24163|23205|22860|22043|21450|20971|20389|19847|19385|18641|18219|17910|17735|17263|16888|16838|16467|16198|16238|15920|15765|15636|15769|15484|15692|15334|15593|15502|15724|15772|15421|15299|15116|15148|15139|14976|15079|15072|15298|15164|15440|15274|15868|15760|15718|16310|16138|16349|16668|16776|17079|17420|18016|18339|18459|18583|18956|19282|19322|19585|19344|20191|20096|19909|20402|20480|20770|20530|20160|20166|20525|20715|20907|20836|21000|21306|21254|21652|21483|21539|21941|22072|22136|22551|22586|22345|22731|22930|22898|23183|23583|23139|23582|23472|24135|24423|25006|25672|26235|26609|27536|28387|30082|30932|31677|32285|33062|34735|35777|37057|38950|39949|41693|42760|44164|46088|48005|51461|52016|53089|53350|51586|50716|48989|47292|44966|42310|39357|36852|35108|32647|31523|30436|29724|29665|29349|28712|28387|28643|28691|29112|29765|29783|29225|28544|28458|27228|26042|23600|22198|20258|18695|17582|16264|15193|14009|13115|11986|11201|10133|9428|8547|7499|6728|5806|5127|4468|3958|3428|3013|2537|2253|1983|1699|1480|1314|1144|1057|864|804|743|642|590|507|497|517|469|382|380|331|428|439|537|582|758|1955|1742|958|656|478|390|351|245|141|114|97|70|63|46|47|25|24|21|36</HistCounts>
      </HistItem>
    </Histograms>
    <Metadata domain="IMAGE_STRUCTURE">
      <MDI key="COMPRESSION">JP2000</MDI>
    </Metadata>
    <Metadata>
      <MDI key="BandName">Band_2</MDI>
      <MDI key="SourceBandIndex">1</MDI>
      <MDI key="STATISTICS_COVARIANCES">2532.309526318076,2457.329560794205,1942.138834354563,1536.948625422043</MDI>
      <MDI key="STATISTICS_EXCLUDEDVALUES"></MDI>
      <MDI key="STATISTICS_MAXIMUM">255</MDI>
      <MDI key="STATISTICS_MEAN">126.66412991603</MDI>
      <MDI key="STATISTICS_MEDIAN">139.000000</MDI>
      <MDI key="STATISTICS_MINIMUM">0</MDI>
      <MDI key="STATISTICS_SKIPFACTORX">1</MDI>
      <MDI key="STATISTICS_SKIPFACTORY">1</MDI>
      <MDI key="STATISTICS_STDDEV">49.571459135214</MDI>
    </Metadata>
  </PAMRasterBand>
  <PAMRasterBand band="3">
    <Histograms>
      <HistItem>
        <HistMin>-0.5</HistMin>
        <HistMax>255.5</HistMax>
        <BucketCount>256</BucketCount>
        <IncludeOutOfRange>1</IncludeOutOfRange>
        <Approximate>0</Approximate>
        <HistCounts>2170|162|0|0|0|0|0|0|0|0|0|0|0|0|1|1|4|6|3|12|13|24|24|49|65|100|135|172|285|381|506|739|986|1409|1919|2676|3604|4899|6550|8879|11831|15449|19488|24173|28741|33500|36799|39867|41277|41753|41854|41813|41202|41151|40714|40182|40042|39914|40856|40069|40441|40286|40877|41337|41855|42994|43405|43903|44015|44631|44474|44040|44517|44886|44894|43916|42984|41089|39233|38097|36863|35837|34897|34014|33347|32323|31476|30715|30488|29814|29101|28629|28518|28597|28531|28836|28576|29270|29377|30213|30200|30718|31154|31284|31098|31787|31883|32587|32641|33884|34065|34412|34745|34685|34422|34779|34521|34397|33834|33145|32171|30505|29432|28216|26931|26067|25070|23519|22537|21255|20313|19099|18826|17612|16650|16297|15764|15311|14926|14321|13691|13451|12902|12721|11947|11740|11298|11342|11037|10909|10848|11035|10980|11165|11305|11464|11787|12166|12582|12695|13241|13518|14439|14878|15680|16044|17266|18102|18824|19633|20264|21111|22006|22426|22326|22474|22701|22317|22116|21394|20712|19834|19068|18485|17887|16860|16019|14958|14139|13243|12543|11489|10438|9551|8943|8379|7910|7100|6339|5680|5079|4597|4165|3592|3229|2828|2325|2155|1824|1593|1382|1256|1132|1052|878|765|725|660|673|653|692|640|826|1227|1957|1718|1123|806|637|474|380|306|237|159|140|117|78|67|61|42|39|20|14|11|10|7|4|6|2|3|0|1|2|0|0|1</HistCounts>
      </HistItem>
    </Histograms>
    <Metadata domain="IMAGE_STRUCTURE">
      <MDI key="COMPRESSION">JP2000</MDI>
    </Metadata>
    <Metadata>
      <MDI key="BandName">Band_3</MDI>
      <MDI key="SourceBandIndex">2</MDI>
      <MDI key="STATISTICS_COVARIANCES">2220.1227854376,1942.138834354563,1959.333560408672,677.791675135239</MDI>
      <MDI key="STATISTICS_EXCLUDEDVALUES"></MDI>
      <MDI key="STATISTICS_MAXIMUM">255</MDI>
      <MDI key="STATISTICS_MEAN">103.77464596062</MDI>
      <MDI key="STATISTICS_MEDIAN">96.000000</MDI>
      <MDI key="STATISTICS_MINIMUM">0</MDI>
      <MDI key="STATISTICS_SKIPFACTORX">1</MDI>
      <MDI key="STATISTICS_SKIPFACTORY">1</MDI>
      <MDI key="STATISTICS_STDDEV">44.264359934474</MDI>
    </Metadata>
  </PAMRasterBand>
  <PAMRasterBand band="4">
    <Histograms>
      <HistItem>
        <HistMin>-0.5</HistMin>
        <HistMax>255.5</HistMax>
        <BucketCount>256</BucketCount>
        <IncludeOutOfRange>1</IncludeOutOfRange>
        <Approximate>0</Approximate>
        <HistCounts>3358|749|614|753|1014|1336|1842|2420|3527|4787|6408|8912|9459|8288|8225|7187|6969|7232|7406|7744|7830|8419|8581|8633|9026|9137|9685|9519|10009|10024|9818|9979|9993|10364|10483|10401|10627|10807|11033|10741|10722|10706|10563|10481|10268|10223|10069|9988|10068|9964|9956|9900|10128|10313|10206|10269|10502|10730|10705|10629|10729|10703|10689|10670|10582|10590|10481|10119|10018|9932|10053|9975|9877|9783|9800|9851|9706|9740|9745|9615|9880|9823|9638|10018|9629|9749|9879|9909|10015|10027|9960|9885|9987|10167|10332|10475|10450|10643|10504|10668|10709|10893|10775|11273|11329|11235|11528|11557|11636|12169|12188|12493|12507|12713|13038|13431|13630|14264|14545|15098|15642|16138|16457|17235|17646|18366|18612|19199|19981|20440|20693|21488|22417|23051|23328|23968|24612|25503|26673|27347|29180|29919|31356|31919|32385|32861|33122|33075|33239|33496|34043|34647|35520|36052|37419|37801|38710|39791|40863|42049|43655|45543|46876|48154|49247|50175|51204|52091|53218|54462|55084|56063|56555|57257|57604|58920|58863|58829|58683|57893|58082|56565|54964|52989|50949|49048|46170|43735|40371|38174|35108|32199|29285|26918|24577|22573|20631|18321|16819|15118|13810|12653|11565|10417|9509|8742|8042|7529|6689|5990|5533|5144|4716|4309|3878|3529|3158|2773|2543|2309|2161|1800|1689|1504|1412|1302|1074|940|919|789|682|643|607|557|455|449|402|357|337|341|288|331|319|350|388|754|924|1109|1647|1116|939|574|426|368|354|1184</HistCounts>
      </HistItem>
    </Histograms>
    <Metadata domain="IMAGE_STRUCTURE">
      <MDI key="COMPRESSION">JP2000</MDI>
    </Metadata>
    <Metadata>
      <MDI key="BandName">Band_4</MDI>
      <MDI key="SourceBandIndex">3</MDI>
      <MDI key="STATISTICS_COVARIANCES">1292.505185331461,1536.948625422043,677.791675135239,2620.202127545534</MDI>
      <MDI key="STATISTICS_EXCLUDEDVALUES"></MDI>
      <MDI key="STATISTICS_MAXIMUM">255</MDI>
      <MDI key="STATISTICS_MEAN">139.26286425772</MDI>
      <MDI key="STATISTICS_MEDIAN">156.000000</MDI>
      <MDI key="STATISTICS_MINIMUM">0</MDI>
      <MDI key="STATISTICS_SKIPFACTORX">1</MDI>
      <MDI key="STATISTICS_SKIPFACTORY">1</MDI>
      <MDI key="STATISTICS_STDDEV">51.187909974383</MDI>
    </Metadata>
  </PAMRasterBand>
</PAMDataset>
